year,round,from_country_id,to_country_id,total_points,tele_points,jury_points
2026,f,ch,dk,3,0,3
2026,f,ua,dk,7,7,0
2026,f,lu,dk,5,0,5
2026,f,bg,dk,1,0,1
2026,f,az,dk,7,7,0
2026,f,sm,dk,1,0,1
2026,f,ee,dk,10,2,8
2026,f,il,dk,16,6,10
2026,f,au,dk,8,3,5
2026,f,de,dk,4,0,4
2026,f,pt,dk,10,0,10
2026,f,se,dk,20,10,10
2026,f,al,dk,5,0,5
2026,f,cy,dk,6,0,6
2026,f,ge,dk,4,4,0
2026,f,am,dk,11,6,5
2026,f,pl,dk,3,3,0
2026,f,cz,dk,13,1,12
2026,f,fr,dk,10,0,10
2026,f,no,dk,24,12,12
2026,f,fi,dk,18,8,10
2026,f,gb,dk,6,0,6
2026,f,lv,dk,8,3,5
2026,f,rs,dk,6,0,6
2026,f,hr,dk,10,0,10
2026,f,lt,dk,10,6,4
2026,f,ro,dk,7,0,7
2026,f,at,dk,10,0,10
2026,f,bg,de,2,0,2
2026,f,be,de,2,0,2
2026,f,pt,de,4,0,4
2026,f,it,de,4,0,4
2026,f,ch,il,14,12,2
2026,f,mt,il,11,7,4
2026,f,ua,il,15,5,10
2026,f,lu,il,1,1,0
2026,f,bg,il,12,5,7
2026,f,az,il,16,12,4
2026,f,sm,il,7,3,4
2026,f,ee,il,1,1,0
2026,f,de,il,15,12,3
2026,f,be,il,9,8,1
2026,f,pt,il,12,12,0
2026,f,se,il,7,7,0
2026,f,al,il,18,10,8
2026,f,cy,il,8,8,0
2026,f,ge,il,16,10,6
2026,f,me,il,4,4,0
2026,f,am,il,14,7,7
2026,f,pl,il,14,2,12
2026,f,gr,il,5,5,0
2026,f,cz,il,7,5,2
2026,f,dk,il,9,2,7
2026,f,fr,il,16,12,4
2026,f,no,il,6,5,1
2026,f,it,il,8,8,0
2026,f,fi,il,12,12,0
2026,f,gb,il,10,10,0
2026,f,lv,il,4,4,0
2026,f,rs,il,8,4,4
2026,f,md,il,18,8,10
2026,f,hr,il,5,0,5
2026,f,lt,il,8,0,8
2026,f,ro,il,12,6,6
2026,f,at,il,15,7,8
2026,f,ROW,il,6,6,0
2026,f,ee,be,2,0,2
2026,f,il,be,2,0,2
2026,f,pl,be,6,0,6
2026,f,it,be,12,0,12
2026,f,fi,be,4,0,4
2026,f,lv,be,10,0,10
2026,f,ch,al,7,7,0
2026,f,mt,al,12,6,6
2026,f,lu,al,3,3,0
2026,f,bg,al,8,8,0
2026,f,az,al,6,0,6
2026,f,sm,al,6,1,5
2026,f,il,al,2,1,1
2026,f,be,al,5,2,3
2026,f,pt,al,12,0,12
2026,f,cy,al,8,0,8
2026,f,me,al,20,10,10
2026,f,gr,al,9,8,1
2026,f,dk,al,1,1,0
2026,f,fr,al,4,4,0
2026,f,no,al,3,3,0
2026,f,it,al,7,7,0
2026,f,rs,al,1,1,0
2026,f,md,al,5,5,0
2026,f,hr,al,16,8,8
2026,f,ro,al,5,5,0
2026,f,ROW,al,5,5,0
2026,f,ch,gr,6,6,0
2026,f,mt,gr,2,2,0
2026,f,lu,gr,8,8,0
2026,f,bg,gr,12,12,0
2026,f,sm,gr,18,12,6
2026,f,ee,gr,6,3,3
2026,f,il,gr,10,5,5
2026,f,au,gr,10,8,2
2026,f,de,gr,8,8,0
2026,f,be,gr,6,6,0
2026,f,se,gr,8,4,4
2026,f,al,gr,10,8,2
2026,f,cy,gr,24,12,12
2026,f,ge,gr,5,5,0
2026,f,me,gr,8,2,6
2026,f,am,gr,7,4,3
2026,f,pl,gr,8,0,8
2026,f,cz,gr,6,6,0
2026,f,fr,gr,3,3,0
2026,f,it,gr,4,4,0
2026,f,gb,gr,4,4,0
2026,f,lv,gr,3,2,1
2026,f,rs,gr,20,8,12
2026,f,md,gr,11,3,8
2026,f,hr,gr,3,3,0
2026,f,ro,gr,3,3,0
2026,f,at,gr,3,2,1
2026,f,ROW,gr,4,4,0
2026,f,ch,ua,12,0,12
2026,f,lu,ua,4,4,0
2026,f,bg,ua,7,7,0
2026,f,az,ua,14,4,10
2026,f,ee,ua,8,8,0
2026,f,il,ua,4,4,0
2026,f,de,ua,2,2,0
2026,f,be,ua,5,5,0
2026,f,pt,ua,13,10,3
2026,f,se,ua,5,5,0
2026,f,al,ua,7,7,0
2026,f,cy,ua,4,4,0
2026,f,ge,ua,12,12,0
2026,f,me,ua,5,5,0
2026,f,pl,ua,13,12,1
2026,f,cz,ua,12,12,0
2026,f,dk,ua,7,7,0
2026,f,fr,ua,12,6,6
2026,f,no,ua,2,2,0
2026,f,it,ua,13,6,7
2026,f,fi,ua,4,4,0
2026,f,gb,ua,9,2,7
2026,f,lv,ua,12,5,7
2026,f,md,ua,10,10,0
2026,f,hr,ua,1,1,0
2026,f,lt,ua,7,7,0
2026,f,ro,ua,5,4,1
2026,f,at,ua,4,4,0
2026,f,ROW,ua,8,8,0
2026,f,ch,au,11,5,6
2026,f,mt,au,18,10,8
2026,f,ua,au,2,0,2
2026,f,lu,au,10,0,10
2026,f,bg,au,8,0,8
2026,f,az,au,5,5,0
2026,f,sm,au,5,5,0
2026,f,ee,au,5,5,0
2026,f,il,au,22,10,12
2026,f,de,au,5,0,5
2026,f,be,au,11,1,10
2026,f,pt,au,4,4,0
2026,f,se,au,14,6,8
2026,f,al,au,5,4,1
2026,f,cy,au,10,5,5
2026,f,ge,au,2,2,0
2026,f,me,au,1,1,0
2026,f,am,au,22,10,12
2026,f,pl,au,12,5,7
2026,f,gr,au,10,3,7
2026,f,cz,au,6,0,6
2026,f,dk,au,9,5,4
2026,f,fr,au,5,0,5
2026,f,no,au,13,6,7
2026,f,it,au,1,1,0
2026,f,fi,au,7,0,7
2026,f,gb,au,10,7,3
2026,f,rs,au,5,3,2
2026,f,md,au,4,0,4
2026,f,hr,au,11,4,7
2026,f,lt,au,2,2,0
2026,f,ro,au,13,1,12
2026,f,at,au,17,10,7
2026,f,ROW,au,2,2,0
2026,f,mt,rs,1,1,0
2026,f,ua,rs,3,3,0
2026,f,az,rs,8,0,8
2026,f,al,rs,3,3,0
2026,f,ge,rs,3,3,0
2026,f,me,rs,24,12,12
2026,f,pl,rs,1,1,0
2026,f,gr,rs,5,0,5
2026,f,cz,rs,2,2,0
2026,f,fr,rs,1,0,1
2026,f,fi,rs,3,3,0
2026,f,md,rs,1,1,0
2026,f,hr,rs,24,12,12
2026,f,lt,rs,1,1,0
2026,f,ro,rs,10,10,0
2026,f,ua,mt,12,0,12
2026,f,lu,mt,2,0,2
2026,f,bg,mt,14,2,12
2026,f,az,mt,4,2,2
2026,f,sm,mt,12,0,12
2026,f,au,mt,4,4,0
2026,f,al,mt,6,0,6
2026,f,cy,mt,7,0,7
2026,f,ge,mt,4,0,4
2026,f,cz,mt,1,0,1
2026,f,fr,mt,3,0,3
2026,f,it,mt,8,0,8
2026,f,gb,mt,1,0,1
2026,f,rs,mt,8,0,8
2026,f,ro,mt,3,0,3
2026,f,ch,cz,10,0,10
2026,f,ua,cz,8,1,7
2026,f,bg,cz,4,0,4
2026,f,az,cz,4,3,1
2026,f,ee,cz,1,0,1
2026,f,au,cz,7,0,7
2026,f,se,cz,7,0,7
2026,f,al,cz,7,0,7
2026,f,cy,cz,2,0,2
2026,f,ge,cz,1,0,1
2026,f,am,cz,5,1,4
2026,f,pl,cz,8,4,4
2026,f,dk,cz,5,0,5
2026,f,no,cz,2,0,2
2026,f,fi,cz,2,0,2
2026,f,gb,cz,8,0,8
2026,f,lv,cz,12,0,12
2026,f,md,cz,5,0,5
2026,f,lt,cz,2,0,2
2026,f,ro,cz,8,0,8
2026,f,at,cz,5,0,5
2026,f,ch,bg,12,8,4
2026,f,mt,bg,20,8,12
2026,f,ua,bg,4,4,0
2026,f,lu,bg,20,12,8
2026,f,az,bg,15,10,5
2026,f,sm,bg,18,10,8
2026,f,ee,bg,14,7,7
2026,f,il,bg,20,12,8
2026,f,au,bg,24,12,12
2026,f,de,bg,17,10,7
2026,f,be,bg,16,12,4
2026,f,pt,bg,6,6,0
2026,f,se,bg,13,8,5
2026,f,al,bg,9,6,3
2026,f,cy,bg,20,10,10
2026,f,ge,bg,9,6,3
2026,f,me,bg,12,7,5
2026,f,am,bg,22,12,10
2026,f,pl,bg,17,7,10
2026,f,gr,bg,16,10,6
2026,f,cz,bg,14,10,4
2026,f,dk,bg,24,12,12
2026,f,fr,bg,14,7,7
2026,f,no,bg,11,8,3
2026,f,it,bg,8,5,3
2026,f,fi,bg,7,7,0
2026,f,gb,bg,22,12,10
2026,f,lv,bg,11,7,4
2026,f,rs,bg,17,10,7
2026,f,md,bg,13,6,7
2026,f,hr,bg,11,7,4
2026,f,lt,bg,24,12,12
2026,f,ro,bg,12,8,4
2026,f,at,bg,12,12,0
2026,f,ROW,bg,12,12,0
2026,f,ch,hr,2,2,0
2026,f,ua,hr,8,8,0
2026,f,lu,hr,7,0,7
2026,f,bg,hr,4,4,0
2026,f,az,hr,7,0,7
2026,f,ee,hr,4,0,4
2026,f,au,hr,7,7,0
2026,f,de,hr,9,7,2
2026,f,pt,hr,9,1,8
2026,f,se,hr,6,0,6
2026,f,al,hr,2,2,0
2026,f,me,hr,16,8,8
2026,f,gr,hr,5,1,4
2026,f,cz,hr,4,4,0
2026,f,fr,hr,1,1,0
2026,f,fi,hr,7,2,5
2026,f,rs,hr,12,12,0
2026,f,md,hr,2,2,0
2026,f,ro,hr,4,2,2
2026,f,at,hr,8,8,0
2026,f,ua,gb,1,0,1
2026,f,ch,fr,7,0,7
2026,f,mt,fr,7,0,7
2026,f,ua,fr,5,0,5
2026,f,lu,fr,8,2,6
2026,f,il,fr,2,2,0
2026,f,au,fr,11,1,10
2026,f,de,fr,6,0,6
2026,f,be,fr,5,0,5
2026,f,pt,fr,7,2,5
2026,f,se,fr,2,0,2
2026,f,al,fr,4,0,4
2026,f,cy,fr,5,2,3
2026,f,ge,fr,12,0,12
2026,f,am,fr,10,2,8
2026,f,gr,fr,10,2,8
2026,f,cz,fr,3,0,3
2026,f,dk,fr,3,0,3
2026,f,no,fr,11,1,10
2026,f,fi,fr,12,0,12
2026,f,gb,fr,12,0,12
2026,f,lv,fr,6,0,6
2026,f,md,fr,2,0,2
2026,f,hr,fr,3,0,3
2026,f,lt,fr,1,0,1
2026,f,at,fr,4,0,4
2026,f,ch,md,1,1,0
2026,f,ua,md,20,12,8
2026,f,lu,md,6,6,0
2026,f,bg,md,8,3,5
2026,f,az,md,1,1,0
2026,f,sm,md,2,2,0
2026,f,ee,md,10,10,0
2026,f,il,md,14,8,6
2026,f,au,md,5,5,0
2026,f,de,md,3,3,0
2026,f,be,md,7,7,0
2026,f,pt,md,8,8,0
2026,f,cy,md,6,6,0
2026,f,ge,md,8,8,0
2026,f,me,md,2,0,2
2026,f,pl,md,8,8,0
2026,f,gr,md,7,4,3
2026,f,cz,md,8,8,0
2026,f,dk,md,3,3,0
2026,f,fr,md,10,10,0
2026,f,it,md,13,12,1
2026,f,fi,md,2,1,1
2026,f,gb,md,6,6,0
2026,f,lv,md,8,8,0
2026,f,rs,md,8,5,3
2026,f,hr,md,7,6,1
2026,f,lt,md,8,5,3
2026,f,ro,md,22,12,10
2026,f,at,md,5,5,0
2026,f,ROW,md,10,10,0
2026,f,ch,fi,3,3,0
2026,f,mt,fi,9,4,5
2026,f,ua,fi,8,2,6
2026,f,lu,fi,8,5,3
2026,f,az,fi,8,8,0
2026,f,sm,fi,6,4,2
2026,f,ee,fi,24,12,12
2026,f,il,fi,7,0,7
2026,f,au,fi,14,10,4
2026,f,de,fi,8,0,8
2026,f,be,fi,11,3,8
2026,f,pt,fi,12,5,7
2026,f,se,fi,24,12,12
2026,f,al,fi,1,1,0
2026,f,cy,fi,5,1,4
2026,f,ge,fi,8,1,7
2026,f,me,fi,7,0,7
2026,f,am,fi,10,8,2
2026,f,pl,fi,6,6,0
2026,f,cz,fi,10,3,7
2026,f,dk,fi,16,8,8
2026,f,fr,fi,4,2,2
2026,f,no,fi,18,10,8
2026,f,it,fi,3,3,0
2026,f,gb,fi,3,1,2
2026,f,lv,fi,13,10,3
2026,f,rs,fi,2,2,0
2026,f,md,fi,4,4,0
2026,f,hr,fi,8,2,6
2026,f,lt,fi,9,4,5
2026,f,at,fi,7,1,6
2026,f,ROW,fi,3,3,0
2026,f,ch,pl,8,0,8
2026,f,mt,pl,1,0,1
2026,f,ee,pl,5,0,5
2026,f,au,pl,8,0,8
2026,f,de,pl,16,4,12
2026,f,be,pl,12,0,12
2026,f,pt,pl,6,0,6
2026,f,se,pl,2,2,0
2026,f,ge,pl,2,0,2
2026,f,me,pl,1,0,1
2026,f,am,pl,1,0,1
2026,f,gr,pl,10,0,10
2026,f,cz,pl,5,0,5
2026,f,it,pl,8,2,6
2026,f,fi,pl,6,0,6
2026,f,gb,pl,10,5,5
2026,f,lv,pl,8,0,8
2026,f,rs,pl,1,0,1
2026,f,md,pl,12,0,12
2026,f,hr,pl,2,0,2
2026,f,lt,pl,13,3,10
2026,f,at,pl,12,0,12
2026,f,ROW,pl,1,1,0
2026,f,it,lt,2,0,2
2026,f,fi,lt,8,0,8
2026,f,lv,lt,12,12,0
2026,f,de,se,1,0,1
2026,f,me,se,4,0,4
2026,f,dk,se,16,6,10
2026,f,no,se,8,4,4
2026,f,it,se,10,0,10
2026,f,fi,se,6,6,0
2026,f,lt,se,6,0,6
2026,f,mt,cy,6,3,3
2026,f,bg,cy,16,6,10
2026,f,sm,cy,10,7,3
2026,f,au,cy,3,0,3
2026,f,ge,cy,8,0,8
2026,f,am,cy,3,3,0
2026,f,gr,cy,24,12,12
2026,f,dk,cy,2,0,2
2026,f,gb,cy,3,3,0
2026,f,ch,it,10,10,0
2026,f,mt,it,22,12,10
2026,f,ua,it,4,0,4
2026,f,lu,it,7,7,0
2026,f,bg,it,7,1,6
2026,f,az,it,12,0,12
2026,f,sm,it,18,8,10
2026,f,ee,it,12,6,6
2026,f,il,it,10,7,3
2026,f,au,it,1,0,1
2026,f,de,it,16,6,10
2026,f,be,it,10,4,6
2026,f,pt,it,3,3,0
2026,f,se,it,3,0,3
2026,f,al,it,24,12,12
2026,f,cy,it,4,3,1
2026,f,ge,it,10,0,10
2026,f,me,it,9,6,3
2026,f,pl,it,2,0,2
2026,f,gr,it,7,7,0
2026,f,dk,it,6,0,6
2026,f,fr,it,13,5,8
2026,f,no,it,5,0,5
2026,f,fi,it,8,5,3
2026,f,lv,it,1,1,0
2026,f,rs,it,16,6,10
2026,f,md,it,8,7,1
2026,f,hr,it,10,10,0
2026,f,lt,it,8,8,0
2026,f,ro,it,7,7,0
2026,f,at,it,8,6,2
2026,f,ch,no,5,0,5
2026,f,mt,no,2,0,2
2026,f,ua,no,6,6,0
2026,f,lu,no,4,0,4
2026,f,bg,no,3,0,3
2026,f,ee,no,10,0,10
2026,f,au,no,8,2,6
2026,f,be,no,7,0,7
2026,f,pt,no,2,0,2
2026,f,se,no,1,1,0
2026,f,al,no,10,0,10
2026,f,ge,no,5,0,5
2026,f,am,no,6,0,6
2026,f,pl,no,3,0,3
2026,f,cz,no,10,0,10
2026,f,dk,no,10,10,0
2026,f,fr,no,12,0,12
2026,f,gb,no,4,0,4
2026,f,rs,no,5,0,5
2026,f,md,no,6,0,6
2026,f,lt,no,7,0,7
2026,f,ro,no,5,0,5
2026,f,at,no,3,0,3
2026,f,ch,ro,5,4,1
2026,f,mt,ro,5,5,0
2026,f,ua,ro,13,10,3
2026,f,lu,ro,22,10,12
2026,f,bg,ro,10,10,0
2026,f,az,ro,9,6,3
2026,f,sm,ro,13,6,7
2026,f,ee,ro,4,4,0
2026,f,il,ro,7,3,4
2026,f,au,ro,6,6,0
2026,f,de,ro,1,1,0
2026,f,be,ro,10,10,0
2026,f,pt,ro,8,7,1
2026,f,se,ro,4,3,1
2026,f,al,ro,5,5,0
2026,f,cy,ro,7,7,0
2026,f,ge,ro,7,7,0
2026,f,me,ro,3,3,0
2026,f,am,ro,5,5,0
2026,f,pl,ro,15,10,5
2026,f,gr,ro,8,6,2
2026,f,cz,ro,15,7,8
2026,f,dk,ro,5,4,1
2026,f,fr,ro,8,8,0
2026,f,no,ro,13,7,6
2026,f,it,ro,15,10,5
2026,f,fi,ro,10,10,0
2026,f,gb,ro,8,8,0
2026,f,lv,ro,8,6,2
2026,f,rs,ro,7,7,0
2026,f,md,ro,15,12,3
2026,f,hr,ro,5,5,0
2026,f,lt,ro,10,10,0
2026,f,at,ro,3,3,0
2026,f,ROW,ro,7,7,0
2026,f,lu,at,1,0,1
2026,f,de,at,5,5,0
2026,sf1,be,ee,4,1,3
2026,sf1,be,fi,12,6,6
2026,sf1,be,ge,0,0,0
2026,sf1,be,gr,9,7,2
2026,sf1,be,hr,12,5,7
2026,sf1,be,il,18,10,8
2026,sf1,be,lt,6,2,4
2026,sf1,be,md,13,12,1
2026,sf1,be,me,0,0,0
2026,sf1,be,pl,20,8,12
2026,sf1,be,pt,9,4,5
2026,sf1,be,rs,3,3,0
2026,sf1,be,se,10,0,10
2026,sf1,be,sm,0,0,0
2026,sf1,de,be,2,0,2
2026,sf1,de,ee,1,1,0
2026,sf1,de,fi,14,4,10
2026,sf1,de,ge,0,0,0
2026,sf1,de,gr,13,8,5
2026,sf1,de,hr,14,6,8
2026,sf1,de,il,19,12,7
2026,sf1,de,lt,6,3,3
2026,sf1,de,md,8,7,1
2026,sf1,de,me,4,0,4
2026,sf1,de,pl,22,10,12
2026,sf1,de,pt,2,2,0
2026,sf1,de,rs,5,5,0
2026,sf1,de,se,6,0,6
2026,sf1,de,sm,0,0,0
2026,sf1,ee,be,8,0,8
2026,sf1,ee,fi,24,12,12
2026,sf1,ee,ge,0,0,0
2026,sf1,ee,gr,8,1,7
2026,sf1,ee,hr,9,3,6
2026,sf1,ee,il,14,10,4
2026,sf1,ee,lt,9,6,3
2026,sf1,ee,md,7,7,0
2026,sf1,ee,me,0,0,0
2026,sf1,ee,pl,14,4,10
2026,sf1,ee,pt,10,8,2
2026,sf1,ee,rs,5,5,0
2026,sf1,ee,se,7,2,5
2026,sf1,ee,sm,1,0,1
2026,sf1,fi,be,13,1,12
2026,sf1,fi,ee,12,12,0
2026,sf1,fi,ge,0,0,0
2026,sf1,fi,gr,4,0,4
2026,sf1,fi,hr,16,6,10
2026,sf1,fi,il,16,10,6
2026,sf1,fi,lt,13,5,8
2026,sf1,fi,md,7,4,3
2026,sf1,fi,me,2,0,2
2026,sf1,fi,pl,9,2,7
2026,sf1,fi,pt,4,3,1
2026,sf1,fi,rs,8,8,0
2026,sf1,fi,se,12,7,5
2026,sf1,fi,sm,0,0,0
2026,sf1,ge,be,2,2,0
2026,sf1,ge,ee,0,0,0
2026,sf1,ge,fi,16,4,12
2026,sf1,ge,gr,17,7,10
2026,sf1,ge,hr,4,1,3
2026,sf1,ge,il,17,12,5
2026,sf1,ge,lt,7,6,1
2026,sf1,ge,md,17,10,7
2026,sf1,ge,me,5,5,0
2026,sf1,ge,pl,5,3,2
2026,sf1,ge,pt,0,0,0
2026,sf1,ge,rs,14,8,6
2026,sf1,ge,se,8,0,8
2026,sf1,ge,sm,4,0,4
2026,sf1,gr,be,0,0,0
2026,sf1,gr,ee,3,0,3
2026,sf1,gr,fi,10,3,7
2026,sf1,gr,ge,2,2,0
2026,sf1,gr,hr,11,5,6
2026,sf1,gr,il,14,10,4
2026,sf1,gr,lt,3,1,2
2026,sf1,gr,md,13,8,5
2026,sf1,gr,me,12,4,8
2026,sf1,gr,pl,18,6,12
2026,sf1,gr,pt,0,0,0
2026,sf1,gr,rs,22,12,10
2026,sf1,gr,se,1,0,1
2026,sf1,gr,sm,7,7,0
2026,sf1,hr,be,2,0,2
2026,sf1,hr,ee,2,2,0
2026,sf1,hr,fi,13,3,10
2026,sf1,hr,ge,0,0,0
2026,sf1,hr,gr,8,4,4
2026,sf1,hr,il,18,6,12
2026,sf1,hr,lt,3,0,3
2026,sf1,hr,md,14,8,6
2026,sf1,hr,me,11,10,1
2026,sf1,hr,pl,15,7,8
2026,sf1,hr,pt,5,5,0
2026,sf1,hr,rs,19,12,7
2026,sf1,hr,se,6,1,5
2026,sf1,hr,sm,0,0,0
2026,sf1,il,be,12,4,8
2026,sf1,il,ee,9,3,6
2026,sf1,il,fi,15,5,10
2026,sf1,il,ge,1,0,1
2026,sf1,il,gr,17,10,7
2026,sf1,il,hr,7,7,0
2026,sf1,il,lt,0,0,0
2026,sf1,il,md,17,12,5
2026,sf1,il,me,2,2,0
2026,sf1,il,pl,18,6,12
2026,sf1,il,pt,4,0,4
2026,sf1,il,rs,1,1,0
2026,sf1,il,se,3,0,3
2026,sf1,il,sm,10,8,2
2026,sf1,it,be,12,0,12
2026,sf1,it,ee,6,0,6
2026,sf1,it,fi,7,4,3
2026,sf1,it,ge,0,0,0
2026,sf1,it,gr,3,3,0
2026,sf1,it,hr,6,5,1
2026,sf1,it,il,10,10,0
2026,sf1,it,lt,8,1,7
2026,sf1,it,md,17,12,5
2026,sf1,it,me,2,2,0
2026,sf1,it,pl,14,6,8
2026,sf1,it,pt,2,0,2
2026,sf1,it,rs,7,7,0
2026,sf1,it,se,10,0,10
2026,sf1,it,sm,12,8,4
2026,sf1,lt,be,3,0,3
2026,sf1,lt,ee,12,8,4
2026,sf1,lt,fi,11,6,5
2026,sf1,lt,ge,0,0,0
2026,sf1,lt,gr,4,2,2
2026,sf1,lt,hr,4,3,1
2026,sf1,lt,il,15,5,10
2026,sf1,lt,md,13,7,6
2026,sf1,lt,me,0,0,0
2026,sf1,lt,pl,22,10,12
2026,sf1,lt,pt,11,4,7
2026,sf1,lt,rs,12,12,0
2026,sf1,lt,se,9,1,8
2026,sf1,lt,sm,0,0,0
2026,sf1,md,be,7,1,6
2026,sf1,md,ee,5,2,3
2026,sf1,md,fi,9,5,4
2026,sf1,md,ge,0,0,0
2026,sf1,md,gr,14,6,8
2026,sf1,md,hr,14,7,7
2026,sf1,md,il,24,12,12
2026,sf1,md,lt,5,3,2
2026,sf1,md,me,0,0,0
2026,sf1,md,pl,20,10,10
2026,sf1,md,pt,0,0,0
2026,sf1,md,rs,13,8,5
2026,sf1,md,se,5,4,1
2026,sf1,md,sm,0,0,0
2026,sf1,me,be,2,1,1
2026,sf1,me,ee,0,0,0
2026,sf1,me,fi,12,4,8
2026,sf1,me,ge,0,0,0
2026,sf1,me,gr,10,3,7
2026,sf1,me,hr,20,10,10
2026,sf1,me,il,8,8,0
2026,sf1,me,lt,5,5,0
2026,sf1,me,md,11,7,4
2026,sf1,me,pl,9,6,3
2026,sf1,me,pt,4,2,2
2026,sf1,me,rs,24,12,12
2026,sf1,me,se,5,0,5
2026,sf1,me,sm,6,0,6
2026,sf1,pl,be,12,0,12
2026,sf1,pl,ee,3,3,0
2026,sf1,pl,fi,12,7,5
2026,sf1,pl,ge,0,0,0
2026,sf1,pl,gr,6,2,4
2026,sf1,pl,hr,6,4,2
2026,sf1,pl,il,18,8,10
2026,sf1,pl,lt,11,5,6
2026,sf1,pl,md,13,12,1
2026,sf1,pl,me,6,6,0
2026,sf1,pl,pt,8,0,8
2026,sf1,pl,rs,17,10,7
2026,sf1,pl,se,4,1,3
2026,sf1,pl,sm,0,0,0
2026,sf1,pt,be,4,0,4
2026,sf1,pt,ee,1,1,0
2026,sf1,pt,fi,19,7,12
2026,sf1,pt,ge,0,0,0
2026,sf1,pt,gr,4,3,1
2026,sf1,pt,hr,13,5,8
2026,sf1,pt,il,14,12,2
2026,sf1,pt,lt,9,2,7
2026,sf1,pt,md,10,10,0
2026,sf1,pt,me,7,4,3
2026,sf1,pt,pl,16,6,10
2026,sf1,pt,rs,14,8,6
2026,sf1,pt,se,5,0,5
2026,sf1,pt,sm,0,0,0
2026,sf1,rs,be,4,0,4
2026,sf1,rs,ee,8,2,6
2026,sf1,rs,fi,8,5,3
2026,sf1,rs,ge,0,0,0
2026,sf1,rs,gr,18,8,10
2026,sf1,rs,hr,14,12,2
2026,sf1,rs,il,18,6,12
2026,sf1,rs,lt,3,3,0
2026,sf1,rs,md,14,7,7
2026,sf1,rs,me,11,10,1
2026,sf1,rs,pl,12,4,8
2026,sf1,rs,pt,5,0,5
2026,sf1,rs,se,1,1,0
2026,sf1,rs,sm,0,0,0
2026,sf1,se,be,7,0,7
2026,sf1,se,ee,9,7,2
2026,sf1,se,fi,24,12,12
2026,sf1,se,ge,0,0,0
2026,sf1,se,gr,8,3,5
2026,sf1,se,hr,12,4,8
2026,sf1,se,il,14,10,4
2026,sf1,se,lt,5,5,0
2026,sf1,se,md,7,1,6
2026,sf1,se,me,0,0,0
2026,sf1,se,pl,18,8,10
2026,sf1,se,pt,5,2,3
2026,sf1,se,rs,6,6,0
2026,sf1,se,sm,1,0,1
2026,sf1,sm,be,0,0,0
2026,sf1,sm,ee,4,4,0
2026,sf1,sm,fi,16,8,8
2026,sf1,sm,ge,2,0,2
2026,sf1,sm,gr,13,1,12
2026,sf1,sm,hr,9,3,6
2026,sf1,sm,il,22,12,10
2026,sf1,sm,lt,2,2,0
2026,sf1,sm,md,15,10,5
2026,sf1,sm,me,7,0,7
2026,sf1,sm,pl,7,6,1
2026,sf1,sm,pt,5,5,0
2026,sf1,sm,rs,10,7,3
2026,sf1,sm,se,4,0,4
2026,sf1,ROW,be,1,1,0
2026,sf1,ROW,ee,0,0,0
2026,sf1,ROW,fi,5,5,0
2026,sf1,ROW,ge,0,0,0
2026,sf1,ROW,gr,3,3,0
2026,sf1,ROW,hr,4,4,0
2026,sf1,ROW,il,10,10,0
2026,sf1,ROW,lt,6,6,0
2026,sf1,ROW,md,12,12,0
2026,sf1,ROW,me,2,2,0
2026,sf1,ROW,pl,8,8,0
2026,sf1,ROW,pt,0,0,0
2026,sf1,ROW,rs,7,7,0
2026,sf1,ROW,se,0,0,0
2026,sf1,ROW,sm,0,0,0
2026,sf2,al,am,4,0,4
2026,sf2,al,au,10,7,3
2026,sf2,al,az,0,0,0
2026,sf2,al,bg,18,12,6
2026,sf2,al,ch,2,2,0
2026,sf2,al,cy,12,4,8
2026,sf2,al,cz,10,0,10
2026,sf2,al,dk,17,10,7
2026,sf2,al,lu,0,0,0
2026,sf2,al,lv,1,1,0
2026,sf2,al,mt,18,6,12
2026,sf2,al,no,13,8,5
2026,sf2,al,ro,5,3,2
2026,sf2,al,ua,6,5,1
2026,sf2,am,al,9,8,1
2026,sf2,am,au,16,4,12
2026,sf2,am,az,0,0,0
2026,sf2,am,bg,18,10,8
2026,sf2,am,ch,10,7,3
2026,sf2,am,cy,17,12,5
2026,sf2,am,cz,11,5,6
2026,sf2,am,dk,13,3,10
2026,sf2,am,lu,0,0,0
2026,sf2,am,lv,1,1,0
2026,sf2,am,mt,4,2,2
2026,sf2,am,no,7,0,7
2026,sf2,am,ro,10,6,4
2026,sf2,am,ua,0,0,0
2026,sf2,at,al,4,3,1
2026,sf2,at,am,0,0,0
2026,sf2,at,au,18,8,10
2026,sf2,at,az,0,0,0
2026,sf2,at,bg,14,12,2
2026,sf2,at,ch,11,4,7
2026,sf2,at,cy,0,0,0
2026,sf2,at,cz,5,0,5
2026,sf2,at,dk,9,1,8
2026,sf2,at,lu,7,7,0
2026,sf2,at,lv,0,0,0
2026,sf2,at,mt,6,2,4
2026,sf2,at,no,18,6,12
2026,sf2,at,ro,16,10,6
2026,sf2,at,ua,8,5,3
2026,sf2,au,al,2,2,0
2026,sf2,au,am,16,4,12
2026,sf2,au,az,0,0,0
2026,sf2,au,bg,18,8,10
2026,sf2,au,ch,8,5,3
2026,sf2,au,cy,5,1,4
2026,sf2,au,cz,8,3,5
2026,sf2,au,dk,20,12,8
2026,sf2,au,lu,2,0,2
2026,sf2,au,lv,0,0,0
2026,sf2,au,mt,7,6,1
2026,sf2,au,no,17,10,7
2026,sf2,au,ro,13,7,6
2026,sf2,au,ua,0,0,0
2026,sf2,az,al,18,6,12
2026,sf2,az,am,0,0,0
2026,sf2,az,au,10,0,10
2026,sf2,az,bg,14,10,4
2026,sf2,az,ch,8,8,0
2026,sf2,az,cy,18,12,6
2026,sf2,az,cz,5,4,1
2026,sf2,az,dk,5,3,2
2026,sf2,az,lu,0,0,0
2026,sf2,az,lv,4,1,3
2026,sf2,az,mt,12,5,7
2026,sf2,az,no,0,0,0
2026,sf2,az,ro,12,7,5
2026,sf2,az,ua,10,2,8
2026,sf2,bg,al,15,12,3
2026,sf2,bg,am,9,5,4
2026,sf2,bg,au,11,3,8
2026,sf2,bg,az,2,0,2
2026,sf2,bg,ch,1,0,1
2026,sf2,bg,cy,20,10,10
2026,sf2,bg,cz,0,0,0
2026,sf2,bg,dk,7,1,6
2026,sf2,bg,lu,2,2,0
2026,sf2,bg,lv,0,0,0
2026,sf2,bg,mt,19,7,12
2026,sf2,bg,no,13,6,7
2026,sf2,bg,ro,8,8,0
2026,sf2,bg,ua,9,4,5
2026,sf2,ch,al,11,10,1
2026,sf2,ch,am,0,0,0
2026,sf2,ch,au,15,8,7
2026,sf2,ch,az,0,0,0
2026,sf2,ch,bg,15,12,3
2026,sf2,ch,cy,2,2,0
2026,sf2,ch,cz,12,0,12
2026,sf2,ch,dk,9,4,5
2026,sf2,ch,lu,3,3,0
2026,sf2,ch,lv,7,1,6
2026,sf2,ch,mt,2,0,2
2026,sf2,ch,no,13,5,8
2026,sf2,ch,ro,11,7,4
2026,sf2,ch,ua,16,6,10
2026,sf2,cy,al,17,5,12
2026,sf2,cy,am,4,4,0
2026,sf2,cy,au,15,8,7
2026,sf2,cy,az,0,0,0
2026,sf2,cy,bg,20,12,8
2026,sf2,cy,ch,4,2,2
2026,sf2,cy,cz,5,0,5
2026,sf2,cy,dk,6,0,6
2026,sf2,cy,lu,1,1,0
2026,sf2,cy,lv,0,0,0
2026,sf2,cy,mt,16,6,10
2026,sf2,cy,no,7,3,4
2026,sf2,cy,ro,11,10,1
2026,sf2,cy,ua,10,7,3
2026,sf2,cz,al,10,6,4
2026,sf2,cz,am,0,0,0
2026,sf2,cz,au,9,3,6
2026,sf2,cz,az,0,0,0
2026,sf2,cz,bg,9,8,1
2026,sf2,cz,ch,13,5,8
2026,sf2,cz,cy,0,0,0
2026,sf2,cz,dk,11,4,7
2026,sf2,cz,lu,1,1,0
2026,sf2,cz,lv,5,0,5
2026,sf2,cz,mt,4,2,2
2026,sf2,cz,no,19,7,12
2026,sf2,cz,ro,22,12,10
2026,sf2,cz,ua,13,10,3
2026,sf2,dk,al,4,4,0
2026,sf2,dk,am,3,0,3
2026,sf2,dk,au,17,7,10
2026,sf2,dk,az,0,0,0
2026,sf2,dk,bg,22,10,12
2026,sf2,dk,ch,0,0,0
2026,sf2,dk,cy,3,2,1
2026,sf2,dk,cz,11,3,8
2026,sf2,dk,lu,13,6,7
2026,sf2,dk,lv,4,0,4
2026,sf2,dk,mt,7,1,6
2026,sf2,dk,no,12,12,0
2026,sf2,dk,ro,10,5,5
2026,sf2,dk,ua,10,8,2
2026,sf2,fr,al,7,7,0
2026,sf2,fr,am,7,6,1
2026,sf2,fr,au,11,4,7
2026,sf2,fr,az,0,0,0
2026,sf2,fr,bg,18,12,6
2026,sf2,fr,ch,5,1,4
2026,sf2,fr,cy,0,0,0
2026,sf2,fr,cz,2,0,2
2026,sf2,fr,dk,8,0,8
2026,sf2,fr,lu,2,2,0
2026,sf2,fr,lv,3,3,0
2026,sf2,fr,mt,10,5,5
2026,sf2,fr,no,12,0,12
2026,sf2,fr,ro,13,10,3
2026,sf2,fr,ua,18,8,10
2026,sf2,gb,al,3,3,0
2026,sf2,gb,am,2,0,2
2026,sf2,gb,au,14,7,7
2026,sf2,gb,az,0,0,0
2026,sf2,gb,bg,17,12,5
2026,sf2,gb,ch,0,0,0
2026,sf2,gb,cy,8,8,0
2026,sf2,gb,cz,8,0,8
2026,sf2,gb,dk,10,0,10
2026,sf2,gb,lu,1,1,0
2026,sf2,gb,lv,8,5,3
2026,sf2,gb,mt,3,2,1
2026,sf2,gb,no,18,6,12
2026,sf2,gb,ro,14,10,4
2026,sf2,gb,ua,10,4,6
2026,sf2,lu,al,8,6,2
2026,sf2,lu,am,0,0,0
2026,sf2,lu,au,11,1,10
2026,sf2,lu,az,0,0,0
2026,sf2,lu,bg,17,12,5
2026,sf2,lu,ch,1,0,1
2026,sf2,lu,cy,8,8,0
2026,sf2,lu,cz,5,2,3
2026,sf2,lu,dk,13,5,8
2026,sf2,lu,lv,3,3,0
2026,sf2,lu,mt,10,4,6
2026,sf2,lu,no,7,0,7
2026,sf2,lu,ro,22,10,12
2026,sf2,lu,ua,11,7,4
2026,sf2,lv,al,1,1,0
2026,sf2,lv,am,1,0,1
2026,sf2,lv,au,5,2,3
2026,sf2,lv,az,0,0,0
2026,sf2,lv,bg,11,6,5
2026,sf2,lv,ch,9,7,2
2026,sf2,lv,cy,0,0,0
2026,sf2,lv,cz,12,0,12
2026,sf2,lv,dk,15,5,10
2026,sf2,lv,lu,12,4,8
2026,sf2,lv,mt,3,3,0
2026,sf2,lv,no,16,10,6
2026,sf2,lv,ro,12,8,4
2026,sf2,lv,ua,19,12,7
2026,sf2,mt,al,12,7,5
2026,sf2,mt,am,0,0,0
2026,sf2,mt,au,22,10,12
2026,sf2,mt,az,0,0,0
2026,sf2,mt,bg,22,12,10
2026,sf2,mt,ch,1,0,1
2026,sf2,mt,cy,16,8,8
2026,sf2,mt,cz,2,0,2
2026,sf2,mt,dk,9,3,6
2026,sf2,mt,lu,4,4,0
2026,sf2,mt,lv,1,1,0
2026,sf2,mt,no,9,6,3
2026,sf2,mt,ro,12,5,7
2026,sf2,mt,ua,6,2,4
2026,sf2,no,al,12,8,4
2026,sf2,no,am,2,0,2
2026,sf2,no,au,15,5,10
2026,sf2,no,az,0,0,0
2026,sf2,no,bg,16,10,6
2026,sf2,no,ch,1,1,0
2026,sf2,no,cy,5,0,5
2026,sf2,no,cz,9,2,7
2026,sf2,no,dk,24,12,12
2026,sf2,no,lu,0,0,0
2026,sf2,no,lv,3,3,0
2026,sf2,no,mt,5,4,1
2026,sf2,no,ro,15,7,8
2026,sf2,no,ua,9,6,3
2026,sf2,ro,al,12,12,0
2026,sf2,ro,am,0,0,0
2026,sf2,ro,au,11,1,10
2026,sf2,ro,az,0,0,0
2026,sf2,ro,bg,13,10,3
2026,sf2,ro,ch,15,7,8
2026,sf2,ro,cy,3,3,0
2026,sf2,ro,cz,18,6,12
2026,sf2,ro,dk,11,4,7
2026,sf2,ro,lu,2,0,2
2026,sf2,ro,lv,4,0,4
2026,sf2,ro,mt,3,2,1
2026,sf2,ro,no,13,8,5
2026,sf2,ro,ua,11,5,6
2026,sf2,ua,al,6,6,0
2026,sf2,ua,am,1,0,1
2026,sf2,ua,au,6,1,5
2026,sf2,ua,az,0,0,0
2026,sf2,ua,bg,4,4,0
2026,sf2,ua,ch,16,8,8
2026,sf2,ua,cy,0,0,0
2026,sf2,ua,cz,15,5,10
2026,sf2,ua,dk,11,7,4
2026,sf2,ua,lu,10,3,7
2026,sf2,ua,lv,3,0,3
2026,sf2,ua,mt,14,2,12
2026,sf2,ua,no,12,10,2
2026,sf2,ua,ro,18,12,6
2026,sf2,ROW,al,7,7,0
2026,sf2,ROW,am,0,0,0
2026,sf2,ROW,au,6,6,0
2026,sf2,ROW,az,0,0,0
2026,sf2,ROW,bg,12,12,0
2026,sf2,ROW,ch,3,3,0
2026,sf2,ROW,cy,5,5,0
2026,sf2,ROW,cz,4,4,0
2026,sf2,ROW,dk,1,1,0
2026,sf2,ROW,lu,0,0,0
2026,sf2,ROW,lv,2,2,0
2026,sf2,ROW,mt,0,0,0
2026,sf2,ROW,no,0,0,0
2026,sf2,ROW,ro,10,10,0
2026,sf2,ROW,ua,8,8,0
